GGTTACCCGGTACTGCATAACAATGGAACCCGAACCGTAACTGGGACAGATCGAAAAGC,0,58,"[1, 2]",1
GGTTACCCGGTACTGCATAACAATGGAACCCGAACCGTAACTGGGACACACATCAAACA,0,58,"[1, -2]",1
GGTTACCCGGTACCCGACTGCGTTACTATGGCGACTATAACTGGGACAGATCGAAAAGC,0,58,"[-1, 2]",1
GGTTACCCGGTACCCGACTGCGTTACTATGGCGACTATAACTGGGACACACATCAAACA,0,58,"[-1, -2]",1
GGATTAACACGGCACACACAGCGAGAAACCAGGCCAGCTTTTCGATCTGTCCCAGT,39,94,"[2, 3]",-1
GGATTAACACTTAGTATCGACCGTGAAACCAGGCCAGCTTTTCGATCTGTCCCAGT,39,94,"[2, -3]",-1
GGATTAACACGGCACACACAGCGAGAAACCAGATGGTGTTTGATGTGTGTCCCAGT,39,94,"[-2, 3]",-1
GGATTAACACTTAGTATCGACCGTGAAACCAGATGGTGTTTGATGTGTGTCCCAGT,39,94,"[-2, -3]",-1
CGCTGTGTGTGCCGTGTTAATCCGTTTGCCATCAGCGAGATTATTAGTCAATTGCAGTTG,72,131,"[3, 4]",1
CGCTGTGTGTGCCGTGTTAATCCGTTAGATGATGGCGAGATTATTAGTCAATTGCAGTTG,72,131,"[3, -4]",1
CGGTCGATACTAAGTGTTAATCCGTTTGCCATCAGCGAGATTATTAGTCAATTGCAGTTG,72,131,"[-3, 4]",1
CGGTCGATACTAAGTGTTAATCCGTTAGATGATGGCGAGATTATTAGTCAATTGCAGTTG,72,131,"[-3, -4]",1
TCGAAAGTGAAACGAGGACGAAAGCGAAACGCTGCAACTGCAATTGACTAATAATCTCG,107,165,[5],-1
AGGATCCCATTCAACAGAATTAAAAGATCTCAAGCAACTGCAATTGACTAATAATCTCG,107,165,[-5],-1
GCTTTCGTCCTCGTTTCACTTTCGAGTTAGACTTTATTGCAGCATCTTGAACAATCGT,141,198,[5],1
TTTTAATTCTGTTGAATGGGATCCTAAACGACTTTATTGCAGCATCTTGAACAATCGT,141,198,[-5],1
GCGTGTTACCAAACTGCGACGATTGTTCAAGATGCTGCAATA,175,216,[0],-1
CGCAGTTTGGTAACACGCTGTGCCATACTTTCATTTAGACGGAATCGAGGGACCCT,199,254,[6],1
CGCAGTTTGGTAACACGCTCATTACTTAGACGCACCAGACGGAATCGAGGGACCCT,199,254,[-6],1
GACTTCGCAACCCGGTCTCGTTGTGCGATTATAGTCCAGGGTCCCTCGATTCCGTC,236,291,"[7, 8]",-1
CGTACCGCAACCCGGTCTCGTTGTGCGATTATAGTCCAGGGTCCCTCGATTCCGTC,236,291,"[7, -8]",-1
GACTTCGCAACCCGGTAATTCGGAGCGATTATAGTCCAGGGTCCCTCGATTCCGTC,236,291,"[-7, 8]",-1
CGTACCGCAACCCGGTAATTCGGAGCGATTATAGTCCAGGGTCCCTCGATTCCGTC,236,291,"[-7, -8]",-1
CCGGGTTGCGAAGTCAGGGCATTCCGCCGATCTAGCCATCGCCATCTTCTGCGGG,277,331,[8],1
CCGGGTTGCGGTACGTTTCTCATTCTGTGACCGGAGGCCTATGTCTGGTATCATG,277,331,[-8],1
GGCTAATCCCAGCAAACAAACAAACAAACGCCCGCAGAAGATGGCGATGGCTAGATCGGC,302,361,[8],-1
GGCTAATCCCAGCAAACAAACAAACTCCTACATGATACCAGACATAGGCCTCCGGTCACA,302,361,[-8],-1
TTGTTTGCTGGGATTAGCCAAGGGCTTGACTTGGAATCCAATCCCGATCCCTAGCCC,343,399,[9],1
TTGTTTGCTGGGATTAGCCAAGGGCTTGAAGATGGGTCCAATCCCGATCCCTAGCCC,343,399,[-9],1
CTAATGAAAAGGACAAGGGATTGGGATTGGGATTGGGATCGGGCTAGGGATCGGGA,384,439,[10],-1
CAGTCTAAGTAAATAAGGGATTGGGATTGGGATTGGGATCGGGCTAGGGATCGGGA,384,439,[-10],-1
CCCAATCCCTTGTCCTTTTCATTAGAAAGTCATAAAAACACATAATAATGATGTCGAAGG,415,474,"[10, 11]",1
CCCAATCCCTTGTCCTTTTCATTAGAAAGTCATAAAAACACATAATATCTTTGACGAAGG,415,474,"[10, -11]",1
CCCAATCCCTTATTTACTTAGACTGAAAGTCATAAAAACACATAATAATGATGTCGAAGG,415,474,"[-10, 11]",1
CCCAATCCCTTATTTACTTAGACTGAAAGTCATAAAAACACATAATATCTTTGACGAAGG,415,474,"[-10, -11]",1
CCCCTAATCCCTTCGACATCATTATTATGTGTTTTT,448,483,[11],-1
CCCCTAATCCCTTCGTCAAAGATATTATGTGTTTTT,448,483,[-11],-1
