Name,Sequence
2017-01-13_01_01,GGATTAACACGGCACACACAGCGAGAAACCAGGCCAGCTTTTCGATCTGTCCCAGT
2017-01-13_01_02,CGCTGTGTGTGCCGTGTTAATCCGTTTGCCATCAGCGAGATTATTAGTCAATTGCAGTTG
2017-01-13_01_03,CGCTGTGTGTGCCGTGTTAATCCGTTAGATGATGGCGAGATTATTAGTCAATTGCAGTTG
2017-01-13_01_04,TCGAAAGTGAAACGAGGACGAAAGCGAAACGCTGCAACTGCAATTGACTAATAATCTCG
2017-01-13_01_05,GCTTTCGTCCTCGTTTCACTTTCGAGTTAGACTTTATTGCAGCATCTTGAACAATCGT
2017-01-13_01_06,GCGTGTTACCAAACTGCGACGATTGTTCAAGATGCTGCAATA
2017-01-13_01_07,CGCAGTTTGGTAACACGCTGTGCCATACTTTCATTTAGACGGAATCGAGGGACCCT
2017-01-13_01_08,ACTTCGCAACCCGGTCTCGTTGTGCGATTATAGTCCAGGGTCCCTCGATTCCGTC
2017-01-13_01_09,ACCGGGTTGCGAAGTCAGGGCATTCCGCCGATCTAGCCATCGCCATCTTCTGCGGG
2017-01-13_01_10,GGCTAATCCCAGCAAACAAACAAACAAACGCCCGCAGAAGATGGCGATGGCTAGATCGGC
2017-01-13_01_11,TTGTTTGCTGGGATTAGCCAAGGGCTTGACTTGGAATCCAATCCCGATCCCTAGCCC
2017-01-13_01_12,CTAATGAAAAGGACAAGGGATTGGGATTGGGATTGGGATCGGGCTAGGGATCGGGA
2017-01-13_01_13,CCCAATCCCTTGTCCTTTTCATTAGAAAGTCATAAAAACACATAATAATGATGTCGAAGG
2017-01-13_01_14,CCCAATCCCTTGTCCTTTTCATTAGAAAGTCATAAAAACACATAATATCTTTGACGAAGG
2017-01-13_01_15,CCCCTAATCCCTTCGACATCATTATTATGTGTTTTT
2017-01-13_01_16,CCCCTAATCCCTTCGTCAAAGATATTATGTGTTTTT
