GGTTACCCGGTACTGCATAACAATGGAACCCGAACCGTAACTGGGACAGATCGAAAAGC,0,58,"[1, 2]"
GGATTAACACGGCACACACAGCGAGAAACCAGGCCAGCTTTTCGATCTGTCCCAGT,39,94,"[2, 3]"
CGCTGTGTGTGCCGTGTTAATCCGTTTGCCATCAGCGAGATTATTAGTCAATTGCAGTTG,72,131,"[3, 4]"
CGCTGTGTGTGCCGTGTTAATCCGTTAGATGATGGCGAGATTATTAGTCAATTGCAGTTG,72,131,"[3, -4]"
TCGAAAGTGAAACGAGGACGAAAGCGAAACGCTGCAACTGCAATTGACTAATAATCTCG,107,165,[5]
GCTTTCGTCCTCGTTTCACTTTCGAGTTAGACTTTATTGCAGCATCTTGAACAATCGT,141,198,[5]
GCGTGTTACCAAACTGCGACGATTGTTCAAGATGCTGCAATA,175,216,[0]
CGCAGTTTGGTAACACGCTGTGCCATACTTTCATTTAGACGGAATCGAGGGACCCT,199,254,[6]
ACTTCGCAACCCGGTCTCGTTGTGCGATTATAGTCCAGGGTCCCTCGATTCCGTC,236,290,"[7, 8]"
ACCGGGTTGCGAAGTCAGGGCATTCCGCCGATCTAGCCATCGCCATCTTCTGCGGG,276,331,[8]
GGCTAATCCCAGCAAACAAACAAACAAACGCCCGCAGAAGATGGCGATGGCTAGATCGGC,302,361,[8]
TTGTTTGCTGGGATTAGCCAAGGGCTTGACTTGGAATCCAATCCCGATCCCTAGCCC,343,399,[9]
CTAATGAAAAGGACAAGGGATTGGGATTGGGATTGGGATCGGGCTAGGGATCGGGA,384,439,[10]
CCCAATCCCTTGTCCTTTTCATTAGAAAGTCATAAAAACACATAATAATGATGTCGAAGG,415,474,"[10, 11]"
CCCAATCCCTTGTCCTTTTCATTAGAAAGTCATAAAAACACATAATATCTTTGACGAAGG,415,474,"[10, -11]"
CCCCTAATCCCTTCGACATCATTATTATGTGTTTTT,448,483,[11]
CCCCTAATCCCTTCGTCAAAGATATTATGTGTTTTT,448,483,[-11]
