GGTTACCCGGTACTGCATAACAATGGAACCCGAACCGTAACTGGGACAGATCGAAAAGCTGGCCTGGTTTCTCGCTGTGTGTGCCGTGTTAATCCGTTTGCCATCAGCGAGATTATTAGTCAATTGCAGTTGCAGCGTTTCGCTTTCGTCCTCGTTTCACTTTCGAGTTAGACTTTATTGCAGCATCTTGAACAATCGTCGCAGTTTGGTAACACGCTGTGCCATACTTTCATTTAGACGGAATCGAGGGACCCTGGACTATAATCGCACAACGAGACCGGGTTGCGAAGTCAGGGCATTCCGCCGATCTAGCCATCGCCATCTTCTGCGGGCGTTTGTTTGTTTGTTTGCTGGGATTAGCCAAGGGCTTGACTTGGAATCCAATCCCGATCCCTAGCCCGATCCCAATCCCAATCCCAATCCCTTGTCCTTTTCATTAGAAAGTCATAAAAACACATAATAATGATGTCGAAGGGATTAGGGG,0,59,[0]
CCCCTAATCCCTTCGACATCATTATTATGTGTTTTTATGACTTTCTAATGAAAAGGACAAGGGATTGGGATTGGGATTGGGATCGGGCTAGGGATCGGGATTGGATTCCAAGTCAAGCCCTTGGCTAATCCCAGCAAACAAACAAACAAACGCCCGCAGAAGATGGCGATGGCTAGATCGGCGGAATGCCCTGACTTCGCAACCCGGTCTCGTTGTGCGATTATAGTCCAGGGTCCCTCGATTCCGTCTAAATGAAAGTATGGCACAGCGTGTTACCAAACTGCGACGATTGTTCAAGATGCTGCAATAAAGTCTAACTCGAAAGTGAAACGAGGACGAAAGCGAAACGCTGCAACTGCAATTGACTAATAATCTCGCTGATGGCAAACGGATTAACACGGCACACACAGCGAGAAACCAGGCCAGCTTTTCGATCTGTCCCAGTTACGGTTCGGGTTCCATTGTTATGCAGTACCGGGTAACC,35,94,[0]
GGTTACCCGGTACTGCATAACAATGGAACCCGAACCGTAACTGGGACAGATCGAAAAGCTGGCCTGGTTTCTCGCTGTGTGTGCCGTGTTAATCCGTTTGCCATCAGCGAGATTATTAGTCAATTGCAGTTGCAGCGTTTCGCTTTCGTCCTCGTTTCACTTTCGAGTTAGACTTTATTGCAGCATCTTGAACAATCGTCGCAGTTTGGTAACACGCTGTGCCATACTTTCATTTAGACGGAATCGAGGGACCCTGGACTATAATCGCACAACGAGACCGGGTTGCGAAGTCAGGGCATTCCGCCGATCTAGCCATCGCCATCTTCTGCGGGCGTTTGTTTGTTTGTTTGCTGGGATTAGCCAAGGGCTTGACTTGGAATCCAATCCCGATCCCTAGCCCGATCCCAATCCCAATCCCAATCCCTTGTCCTTTTCATTAGAAAGTCATAAAAACACATAATAATGATGTCGAAGGGATTAGGGG,77,136,[0]
CCCCTAATCCCTTCGACATCATTATTATGTGTTTTTATGACTTTCTAATGAAAAGGACAAGGGATTGGGATTGGGATTGGGATCGGGCTAGGGATCGGGATTGGATTCCAAGTCAAGCCCTTGGCTAATCCCAGCAAACAAACAAACAAACGCCCGCAGAAGATGGCGATGGCTAGATCGGCGGAATGCCCTGACTTCGCAACCCGGTCTCGTTGTGCGATTATAGTCCAGGGTCCCTCGATTCCGTCTAAATGAAAGTATGGCACAGCGTGTTACCAAACTGCGACGATTGTTCAAGATGCTGCAATAAAGTCTAACTCGAAAGTGAAACGAGGACGAAAGCGAAACGCTGCAACTGCAATTGACTAATAATCTCGCTGATGGCAAACGGATTAACACGGCACACACAGCGAGAAACCAGGCCAGCTTTTCGATCTGTCCCAGTTACGGTTCGGGTTCCATTGTTATGCAGTACCGGGTAACC,119,167,[0]
GGTTACCCGGTACTGCATAACAATGGAACCCGAACCGTAACTGGGACAGATCGAAAAGCTGGCCTGGTTTCTCGCTGTGTGTGCCGTGTTAATCCGTTTGCCATCAGCGAGATTATTAGTCAATTGCAGTTGCAGCGTTTCGCTTTCGTCCTCGTTTCACTTTCGAGTTAGACTTTATTGCAGCATCTTGAACAATCGTCGCAGTTTGGTAACACGCTGTGCCATACTTTCATTTAGACGGAATCGAGGGACCCTGGACTATAATCGCACAACGAGACCGGGTTGCGAAGTCAGGGCATTCCGCCGATCTAGCCATCGCCATCTTCTGCGGGCGTTTGTTTGTTTGTTTGCTGGGATTAGCCAAGGGCTTGACTTGGAATCCAATCCCGATCCCTAGCCCGATCCCAATCCCAATCCCAATCCCTTGTCCTTTTCATTAGAAAGTCATAAAAACACATAATAATGATGTCGAAGGGATTAGGGG,149,208,[0]
CCCCTAATCCCTTCGACATCATTATTATGTGTTTTTATGACTTTCTAATGAAAAGGACAAGGGATTGGGATTGGGATTGGGATCGGGCTAGGGATCGGGATTGGATTCCAAGTCAAGCCCTTGGCTAATCCCAGCAAACAAACAAACAAACGCCCGCAGAAGATGGCGATGGCTAGATCGGCGGAATGCCCTGACTTCGCAACCCGGTCTCGTTGTGCGATTATAGTCCAGGGTCCCTCGATTCCGTCTAAATGAAAGTATGGCACAGCGTGTTACCAAACTGCGACGATTGTTCAAGATGCTGCAATAAAGTCTAACTCGAAAGTGAAACGAGGACGAAAGCGAAACGCTGCAACTGCAATTGACTAATAATCTCGCTGATGGCAAACGGATTAACACGGCACACACAGCGAGAAACCAGGCCAGCTTTTCGATCTGTCCCAGTTACGGTTCGGGTTCCATTGTTATGCAGTACCGGGTAACC,189,248,[0]
GGTTACCCGGTACTGCATAACAATGGAACCCGAACCGTAACTGGGACAGATCGAAAAGCTGGCCTGGTTTCTCGCTGTGTGTGCCGTGTTAATCCGTTTGCCATCAGCGAGATTATTAGTCAATTGCAGTTGCAGCGTTTCGCTTTCGTCCTCGTTTCACTTTCGAGTTAGACTTTATTGCAGCATCTTGAACAATCGTCGCAGTTTGGTAACACGCTGTGCCATACTTTCATTTAGACGGAATCGAGGGACCCTGGACTATAATCGCACAACGAGACCGGGTTGCGAAGTCAGGGCATTCCGCCGATCTAGCCATCGCCATCTTCTGCGGGCGTTTGTTTGTTTGTTTGCTGGGATTAGCCAAGGGCTTGACTTGGAATCCAATCCCGATCCCTAGCCCGATCCCAATCCCAATCCCAATCCCTTGTCCTTTTCATTAGAAAGTCATAAAAACACATAATAATGATGTCGAAGGGATTAGGGG,228,286,[0]
CCCCTAATCCCTTCGACATCATTATTATGTGTTTTTATGACTTTCTAATGAAAAGGACAAGGGATTGGGATTGGGATTGGGATCGGGCTAGGGATCGGGATTGGATTCCAAGTCAAGCCCTTGGCTAATCCCAGCAAACAAACAAACAAACGCCCGCAGAAGATGGCGATGGCTAGATCGGCGGAATGCCCTGACTTCGCAACCCGGTCTCGTTGTGCGATTATAGTCCAGGGTCCCTCGATTCCGTCTAAATGAAAGTATGGCACAGCGTGTTACCAAACTGCGACGATTGTTCAAGATGCTGCAATAAAGTCTAACTCGAAAGTGAAACGAGGACGAAAGCGAAACGCTGCAACTGCAATTGACTAATAATCTCGCTGATGGCAAACGGATTAACACGGCACACACAGCGAGAAACCAGGCCAGCTTTTCGATCTGTCCCAGTTACGGTTCGGGTTCCATTGTTATGCAGTACCGGGTAACC,273,330,[0]
GGTTACCCGGTACTGCATAACAATGGAACCCGAACCGTAACTGGGACAGATCGAAAAGCTGGCCTGGTTTCTCGCTGTGTGTGCCGTGTTAATCCGTTTGCCATCAGCGAGATTATTAGTCAATTGCAGTTGCAGCGTTTCGCTTTCGTCCTCGTTTCACTTTCGAGTTAGACTTTATTGCAGCATCTTGAACAATCGTCGCAGTTTGGTAACACGCTGTGCCATACTTTCATTTAGACGGAATCGAGGGACCCTGGACTATAATCGCACAACGAGACCGGGTTGCGAAGTCAGGGCATTCCGCCGATCTAGCCATCGCCATCTTCTGCGGGCGTTTGTTTGTTTGTTTGCTGGGATTAGCCAAGGGCTTGACTTGGAATCCAATCCCGATCCCTAGCCCGATCCCAATCCCAATCCCAATCCCTTGTCCTTTTCATTAGAAAGTCATAAAAACACATAATAATGATGTCGAAGGGATTAGGGG,316,375,[0]
CCCCTAATCCCTTCGACATCATTATTATGTGTTTTTATGACTTTCTAATGAAAAGGACAAGGGATTGGGATTGGGATTGGGATCGGGCTAGGGATCGGGATTGGATTCCAAGTCAAGCCCTTGGCTAATCCCAGCAAACAAACAAACAAACGCCCGCAGAAGATGGCGATGGCTAGATCGGCGGAATGCCCTGACTTCGCAACCCGGTCTCGTTGTGCGATTATAGTCCAGGGTCCCTCGATTCCGTCTAAATGAAAGTATGGCACAGCGTGTTACCAAACTGCGACGATTGTTCAAGATGCTGCAATAAAGTCTAACTCGAAAGTGAAACGAGGACGAAAGCGAAACGCTGCAACTGCAATTGACTAATAATCTCGCTGATGGCAAACGGATTAACACGGCACACACAGCGAGAAACCAGGCCAGCTTTTCGATCTGTCCCAGTTACGGTTCGGGTTCCATTGTTATGCAGTACCGGGTAACC,359,410,[0]
GGTTACCCGGTACTGCATAACAATGGAACCCGAACCGTAACTGGGACAGATCGAAAAGCTGGCCTGGTTTCTCGCTGTGTGTGCCGTGTTAATCCGTTTGCCATCAGCGAGATTATTAGTCAATTGCAGTTGCAGCGTTTCGCTTTCGTCCTCGTTTCACTTTCGAGTTAGACTTTATTGCAGCATCTTGAACAATCGTCGCAGTTTGGTAACACGCTGTGCCATACTTTCATTTAGACGGAATCGAGGGACCCTGGACTATAATCGCACAACGAGACCGGGTTGCGAAGTCAGGGCATTCCGCCGATCTAGCCATCGCCATCTTCTGCGGGCGTTTGTTTGTTTGTTTGCTGGGATTAGCCAAGGGCTTGACTTGGAATCCAATCCCGATCCCTAGCCCGATCCCAATCCCAATCCCAATCCCTTGTCCTTTTCATTAGAAAGTCATAAAAACACATAATAATGATGTCGAAGGGATTAGGGG,395,453,[0]
CCCCTAATCCCTTCGACATCATTATTATGTGTTTTTATGACTTTCTAATGAAAAGGACAAGGGATTGGGATTGGGATTGGGATCGGGCTAGGGATCGGGATTGGATTCCAAGTCAAGCCCTTGGCTAATCCCAGCAAACAAACAAACAAACGCCCGCAGAAGATGGCGATGGCTAGATCGGCGGAATGCCCTGACTTCGCAACCCGGTCTCGTTGTGCGATTATAGTCCAGGGTCCCTCGATTCCGTCTAAATGAAAGTATGGCACAGCGTGTTACCAAACTGCGACGATTGTTCAAGATGCTGCAATAAAGTCTAACTCGAAAGTGAAACGAGGACGAAAGCGAAACGCTGCAACTGCAATTGACTAATAATCTCGCTGATGGCAAACGGATTAACACGGCACACACAGCGAGAAACCAGGCCAGCTTTTCGATCTGTCCCAGTTACGGTTCGGGTTCCATTGTTATGCAGTACCGGGTAACC,424,483,[0]
